Frame,Timestamp,ID_Salmon,Largo_cm,Ancho_cm,Peso_Estimado_g,Confianza_Deteccion
12,23:01:20,3,122.2,71.73,23719.93,53.22
15,23:01:21,3,113.18,25.49,18845.78,64.15
15,23:01:21,6,121.9,29.92,23550.77,64.41
16,23:01:21,3,111.59,0.0,18063.35,54.99
16,23:01:21,6,126.48,0.0,26301.43,56.64
17,23:01:22,3,67.29,28.81,3961.74,61.01
17,23:01:22,7,127.83,20.37,27151.41,32.75
17,23:01:22,6,67.29,28.81,3961.74,54.31
18,23:01:22,6,124.75,22.26,25240.13,26.19
19,23:01:23,3,119.22,0.0,22031.22,50.22
19,23:01:23,6,122.16,23.45,23697.06,35.28
19,23:01:23,7,120.26,34.62,22608.38,49.81
20,23:01:23,3,111.78,16.59,18155.05,64.05
20,23:01:23,7,115.85,21.99,20214.84,63.32
21,23:01:24,3,105.41,22.29,15225.85,62.86
21,23:01:24,6,83.93,17.07,7686.45,27.31
22,23:01:24,3,106.09,20.76,15522.42,63.63
22,23:01:24,7,115.72,38.94,20144.88,57.45
22,23:01:24,6,79.64,17.3,6566.58,52.77
23,23:01:24,3,97.49,25.41,12045.47,73.81
24,23:01:25,3,99.85,26.21,12940.15,74.75
25,23:01:25,3,15.33,26.02,46.81,73.17
25,23:01:25,6,71.51,17.98,4753.44,28.78
26,23:01:26,3,106.82,0.0,15847.53,71.6
26,23:01:26,6,115.39,0.0,19971.02,59.38
28,23:01:27,6,115.97,0.0,20273.42,38.86
29,23:01:27,3,114.01,71.08,19267.62,55.46
29,23:01:27,6,117.61,75.66,21148.58,51.43
30,23:01:28,3,31.1,63.11,390.91,66.99
30,23:01:28,6,117.83,77.7,21267.91,39.6
31,23:01:28,6,119.28,81.62,22061.96,48.11
32,23:01:28,3,116.83,69.07,20731.73,49.6
32,23:01:28,6,113.25,77.64,18884.36,34.46
33,23:01:29,3,76.51,82.74,5821.68,52.06
33,23:01:29,6,76.51,82.74,5821.68,42.63
34,23:01:29,3,69.84,89.58,4429.08,52.16
34,23:01:29,6,69.84,89.58,4429.08,32.96
36,23:01:30,3,109.88,90.08,17245.09,51.33
36,23:01:30,6,115.78,94.19,20178.74,58.48
37,23:01:31,3,107.28,91.98,16050.53,61.09
37,23:01:31,6,111.06,96.12,17807.16,53.5
39,23:01:32,3,21.82,80.82,135.12,26.38
39,23:01:32,7,59.14,93.62,2688.7,67.12
40,23:01:32,7,98.02,88.98,12242.19,62.64
40,23:01:32,6,101.89,89.77,13749.41,68.86
41,23:01:33,3,23.61,0.0,171.11,25.49
41,23:01:33,7,100.93,87.56,13367.73,70.9
41,23:01:33,6,100.93,87.56,13367.73,69.15
42,23:01:33,7,62.85,89.7,3226.79,76.56
42,23:01:33,6,62.85,89.7,3226.79,69.15
43,23:01:34,6,53.92,87.87,2037.43,59.1
46,23:01:35,7,84.29,82.04,7786.39,64.7
47,23:01:35,7,94.25,77.01,10884.01,59.1
47,23:01:35,6,97.28,85.15,11967.59,64.32
48,23:01:36,7,77.11,0.0,5961.37,56.78
48,23:01:36,6,85.68,85.57,8177.84,69.33
49,23:01:36,6,61.7,87.3,3053.5,70.76
50,23:01:37,6,59.12,39.26,2686.36,58.91
51,23:01:37,6,53.77,80.78,2021.2,40.47
52,23:01:38,6,47.49,13.41,1392.37,30.55
55,23:01:39,6,69.93,20.74,4446.33,45.99
57,23:01:40,6,68.88,22.88,4248.43,44.36
59,23:01:41,3,82.92,26.42,7411.18,28.67
59,23:01:41,7,87.36,29.34,8666.1,32.66
63,23:01:43,15,55.09,18.22,2173.52,25.98
66,23:01:44,7,87.05,0.0,8574.42,41.35
71,23:01:46,15,60.52,0.0,2881.98,31.67
72,23:01:47,15,98.25,18.63,12328.5,48.59
75,23:01:48,7,59.43,19.94,2728.56,31.31
75,23:01:48,6,53.56,0.0,1996.99,45.63
76,23:01:48,6,54.09,20.33,2056.83,35.46
77,23:01:49,15,81.42,22.12,7015.68,34.81
79,23:01:50,6,78.37,0.0,6257.7,53.59
80,23:01:50,6,74.33,19.41,5338.64,49.17
81,23:01:51,15,129.34,69.99,28125.27,46.78
81,23:01:51,3,117.65,75.19,21172.38,33.25
82,23:01:51,15,112.53,73.5,18526.3,61.87
82,23:01:51,6,69.31,0.0,4327.73,39.22
82,23:01:51,3,105.37,0.0,15206.7,37.38
83,23:01:52,18,54.05,11.76,2052.68,42.82
84,23:01:52,6,60.09,16.21,2820.69,49.46
85,23:01:52,15,100.81,72.01,13318.01,62.67
85,23:01:52,6,64.42,18.09,3474.77,37.97
85,23:01:52,18,47.8,0.0,1419.74,44.83
86,23:01:53,15,93.49,66.63,10621.35,40.22
86,23:01:53,6,65.78,19.66,3699.66,34.19
86,23:01:53,18,51.99,18.55,1827.36,46.88
86,23:01:53,3,93.49,66.63,10621.35,62.62
87,23:01:53,18,61.18,42.33,2977.08,60.63
88,23:01:54,18,57.42,52.9,2460.77,27.87
88,23:01:54,6,25.24,14.24,208.95,39.06
89,23:01:54,15,105.77,0.0,15381.78,54.25
89,23:01:54,18,49.23,45.0,1550.94,61.52
89,23:01:54,3,105.77,0.0,15381.78,62.62
92,23:01:56,18,49.17,40.87,1545.8,57.77
92,23:01:56,6,71.9,34.71,4831.87,25.34
93,23:01:56,18,53.46,38.66,1985.98,57.77
93,23:01:56,6,53.46,38.66,1985.98,27.27
94,23:01:57,18,49.38,9.58,1565.17,57.77
94,23:01:57,6,49.38,9.58,1565.17,34.63
95,23:01:57,18,59.64,10.61,2758.33,57.77
95,23:01:57,6,59.64,10.61,2758.33,37.97
96,23:01:57,18,91.91,0.0,10093.39,58.7
96,23:01:57,6,91.91,0.0,10093.39,49.64
97,23:01:58,18,76.24,11.24,5760.44,32.8
98,23:01:58,18,63.57,11.06,3340.09,32.54
100,23:01:59,7,79.61,28.3,6558.36,38.13
101,23:02:00,18,90.88,51.45,9757.35,27.36
102,23:02:00,18,90.01,29.58,9480.65,26.08
102,23:02:00,6,59.54,0.0,2744.42,38.29
103,23:02:00,18,31.94,0.0,423.45,33.45
103,23:02:00,6,31.94,0.0,423.45,38.29
104,23:02:01,18,35.4,16.9,576.9,28.41
104,23:02:01,6,35.4,16.9,576.9,38.29
107,23:02:02,18,79.56,48.17,6547.5,26.94
107,23:02:02,6,79.56,48.17,6547.5,38.29
108,23:02:03,18,53.58,17.77,1999.39,35.73
108,23:02:03,6,53.58,17.77,1999.39,38.29
109,23:02:03,7,61.6,18.87,3038.26,34.31
109,23:02:03,18,61.02,19.43,2953.2,36.67
109,23:02:03,6,61.02,19.43,2953.2,38.29
110,23:02:04,18,59.16,23.81,2691.15,40.57
110,23:02:04,6,59.16,23.81,2691.15,38.29
112,23:02:05,3,58.85,85.85,2649.26,33.01
119,23:02:08,7,29.09,16.35,319.86,58.86
120,23:02:08,7,27.11,17.45,259.15,55.11
121,23:02:09,7,124.77,83.63,25253.2,40.55
122,23:02:09,7,117.67,0.0,21180.35,48.64
123,23:02:10,7,90.93,58.1,9774.23,45.56
124,23:02:10,15,107.2,87.34,16016.08,63.01
124,23:02:10,7,94.72,28.4,11049.17,39.35
125,23:02:11,7,98.92,82.77,12584.44,47.11
125,23:02:11,15,98.92,82.77,12584.44,60.52
125,23:02:11,21,60.63,0.0,2897.71,32.55
126,23:02:11,7,101.48,94.02,13585.18,44.54
126,23:02:11,15,101.48,94.02,13585.18,46.76
127,23:02:12,7,100.05,89.79,13019.01,36.28
127,23:02:12,21,60.02,0.0,2811.43,40.07
127,23:02:12,15,101.42,81.56,13560.07,64.96
128,23:02:12,15,106.83,89.77,15850.9,64.34
129,23:02:13,21,59.7,0.0,2766.05,41.15
129,23:02:13,15,104.89,74.2,15003.51,29.9
129,23:02:13,7,56.07,0.0,2291.66,29.17
129,23:02:13,3,104.89,74.2,15003.51,28.07
130,23:02:13,21,63.66,0.0,3353.35,46.42
130,23:02:13,15,111.52,88.91,18030.99,67.63
131,23:02:13,7,45.99,8.38,1264.35,34.52
132,23:02:14,21,52.95,0.0,1930.46,45.85
132,23:02:14,7,108.34,0.0,16529.44,47.43
132,23:02:14,3,103.45,85.11,14392.09,71.44
133,23:02:14,15,39.08,73.49,775.81,32.44
133,23:02:14,7,93.31,66.23,10561.58,53.39
133,23:02:14,3,120.23,73.79,22591.64,68.57
133,23:02:14,18,55.08,14.79,2171.88,38.4
134,23:02:15,7,100.93,0.0,13366.55,60.96
134,23:02:15,3,95.42,72.99,11294.97,58.66
135,23:02:15,15,132.17,71.21,30017.14,30.99
136,23:02:16,7,88.32,0.0,8957.47,45.75
136,23:02:16,3,85.71,0.0,8184.12,61.3
137,23:02:16,3,82.17,72.12,7211.93,67.88
141,23:02:18,18,53.56,10.93,1997.81,34.13
143,23:02:19,26,73.47,25.89,5156.04,41.55
144,23:02:20,26,74.43,22.97,5360.0,28.75
145,23:02:20,26,67.29,17.0,3960.61,26.33
146,23:02:21,26,62.81,9.83,3221.58,50.18
148,23:02:22,26,92.39,27.0,10252.92,25.21
148,23:02:22,24,63.65,21.48,3352.41,46.69
149,23:02:23,21,90.53,11.11,9644.27,63.8
150,23:02:23,26,97.37,25.51,12001.63,48.65
150,23:02:23,24,64.06,20.65,3417.75,40.56
151,23:02:24,26,86.1,17.4,8298.88,58.68
152,23:02:24,26,97.61,30.07,12088.74,30.75
152,23:02:24,21,98.47,45.71,12412.12,61.9
152,23:02:24,24,69.07,20.06,4283.69,51.09
152,23:02:24,3,81.08,21.76,6928.37,36.84
153,23:02:25,26,82.09,47.57,7190.91,62.31
153,23:02:25,21,82.09,47.57,7190.91,34.13
153,23:02:25,18,50.39,16.24,1663.31,31.37
154,23:02:25,24,68.73,20.37,4220.26,50.85
155,23:02:26,21,38.91,48.52,765.89,27.97
155,23:02:26,7,76.53,27.17,5826.26,41.22
155,23:02:26,15,40.65,0.0,873.53,37.92
156,23:02:26,18,84.75,24.24,7913.73,25.68
157,23:02:26,7,87.89,24.52,8827.12,39.24
158,23:02:27,15,40.67,0.0,874.38,27.0
158,23:02:27,7,81.16,29.47,6949.8,43.0
160,23:02:28,26,21.11,25.55,122.25,25.04
160,23:02:28,15,54.91,62.51,2152.03,44.69
161,23:02:28,26,31.6,0.0,410.31,26.71
161,23:02:28,21,119.58,25.42,22227.74,68.39
162,23:02:29,26,39.28,10.72,787.72,33.87
163,23:02:29,26,43.16,21.67,1045.24,37.74
163,23:02:29,24,49.82,14.97,1607.07,29.9
164,23:02:30,26,43.37,0.0,1060.84,40.59
164,23:02:30,21,52.54,21.96,1885.13,38.99
164,23:02:30,7,73.72,26.75,5208.7,39.95
164,23:02:30,15,32.22,62.07,434.98,57.19
165,23:02:30,7,63.58,21.12,3341.97,52.92
166,23:02:30,21,48.35,71.42,1469.62,33.63
166,23:02:30,15,74.42,0.0,5357.97,80.41
166,23:02:30,7,67.09,0.0,3925.48,39.55
167,23:02:31,15,32.95,0.0,465.12,76.0
168,23:02:31,7,38.31,0.0,730.87,45.88
168,23:02:31,15,64.92,33.88,3557.32,62.73
169,23:02:32,7,43.28,42.47,1053.96,34.88
170,23:02:32,21,84.41,96.67,7818.28,34.93
170,23:02:32,26,84.41,96.67,7818.28,37.32
170,23:02:32,15,84.59,68.57,7869.49,32.09
171,23:02:33,26,49.43,20.03,1570.28,47.19
171,23:02:33,15,60.3,73.33,2850.15,33.89
171,23:02:33,3,37.7,66.42,696.51,48.48
172,23:02:33,21,94.68,28.1,11034.82,37.99
172,23:02:33,26,49.63,20.26,1589.14,70.43
172,23:02:33,15,19.15,0.0,91.31,34.28
172,23:02:33,3,19.15,0.0,91.31,48.48
173,23:02:34,26,52.18,0.0,1846.49,30.32
173,23:02:34,15,88.56,35.72,9029.06,33.55
174,23:02:34,26,71.56,16.55,4764.66,59.19
175,23:02:35,26,33.34,11.24,481.65,53.15
178,23:02:36,26,87.68,10.92,8763.9,69.58
179,23:02:36,26,52.77,8.19,1910.31,31.82
180,23:02:37,26,45.0,19.13,1184.31,39.56
181,23:02:37,26,55.01,0.0,2163.96,33.53
183,23:02:38,21,45.75,12.79,1244.96,35.88
183,23:02:38,26,94.86,22.9,11097.94,61.17
184,23:02:39,26,86.64,21.16,8454.56,47.47
185,23:02:39,26,84.03,22.94,7713.06,33.54
186,23:02:40,26,70.11,26.23,4480.95,66.01
187,23:02:40,26,53.5,16.98,1990.68,52.88
188,23:02:41,21,58.48,0.0,2600.18,38.69
189,23:02:41,21,93.43,20.17,10601.62,28.66
189,23:02:41,24,92.84,21.37,10404.05,28.04
190,23:02:42,21,106.16,75.39,15555.56,36.39
190,23:02:42,15,83.47,23.99,7559.28,29.22
192,23:02:43,21,101.59,88.02,13629.49,38.1
192,23:02:43,15,45.79,18.46,1247.92,53.82
193,23:02:43,15,40.33,16.45,852.95,64.27
193,23:02:43,3,66.46,18.1,3816.85,30.48
193,23:02:43,26,66.46,18.1,3816.85,31.66
194,23:02:43,7,15.24,3.33,46.05,31.04
196,23:02:44,7,15.93,3.85,52.56,25.78
196,23:02:44,15,89.53,29.33,9329.14,33.37
196,23:02:44,3,72.84,20.3,5024.91,30.48
196,23:02:44,26,72.84,20.3,5024.91,58.05
197,23:02:45,21,94.91,24.92,11113.94,49.24
197,23:02:45,15,77.08,24.33,5953.32,43.7
198,23:02:45,7,12.78,3.13,27.13,28.05
198,23:02:45,21,117.82,31.35,21260.93,29.15
199,23:02:46,7,13.5,0.0,31.96,47.58
199,23:02:46,21,101.03,20.74,13405.96,50.66
200,23:02:46,7,13.07,73.97,29.02,32.44
200,23:02:46,24,44.11,11.29,1115.55,47.63
200,23:02:46,21,97.46,21.1,12034.8,42.55
200,23:02:46,15,73.2,27.01,5099.28,44.86
201,23:02:47,21,76.41,21.95,5799.46,42.11
202,23:02:47,15,42.85,29.61,1022.69,56.83
203,23:02:47,7,86.86,45.44,8517.94,45.72
204,23:02:48,24,41.05,11.83,899.17,28.86
204,23:02:48,15,43.8,23.2,1092.44,78.72
205,23:02:48,15,50.31,22.08,1654.93,72.3
206,23:02:49,7,21.11,0.0,122.3,36.55
206,23:02:49,24,77.93,16.85,6152.18,27.46
206,23:02:49,15,62.97,19.84,3246.11,33.07
207,23:02:49,7,130.01,108.11,28569.35,29.88
207,23:02:49,24,66.27,16.56,3784.19,28.58
207,23:02:49,15,51.26,17.88,1751.39,50.34
207,23:02:49,26,47.3,20.54,1375.6,76.71
208,23:02:50,7,88.91,108.07,9136.83,46.77
208,23:02:50,26,47.4,13.45,1384.87,56.92
209,23:02:50,7,100.15,120.16,13060.08,30.41
209,23:02:50,26,45.91,14.31,1258.08,73.9
209,23:02:50,15,91.83,138.93,10065.96,26.8
210,23:02:51,7,121.87,5.19,23530.62,58.13
210,23:02:51,26,42.92,13.36,1028.09,39.75
210,23:02:51,15,130.33,109.49,28777.61,55.03
211,23:02:51,7,123.13,5.41,24267.79,48.26
211,23:02:51,15,89.84,108.17,9427.93,55.03
212,23:02:52,7,85.01,25.93,7987.43,34.54
212,23:02:52,15,85.01,25.93,7987.43,55.03
213,23:02:52,26,49.17,17.49,1545.74,31.98
214,23:02:52,7,130.25,115.03,28727.95,59.36
214,23:02:52,26,44.35,15.99,1134.35,53.16
215,23:02:53,7,65.95,124.11,3728.44,62.54
216,23:02:53,7,114.23,6.75,19377.91,48.55
216,23:02:53,26,114.23,6.75,19377.91,34.09
217,23:02:54,7,122.41,7.35,23846.21,26.46
217,23:02:54,26,122.41,7.35,23846.21,52.67
217,23:02:54,18,58.35,16.89,2582.11,52.17
218,23:02:54,21,83.23,88.43,7494.56,57.5
218,23:02:54,24,20.78,12.33,116.59,44.23
218,23:02:54,26,122.14,6.89,23690.16,66.61
219,23:02:55,7,120.82,8.61,22926.9,66.36
219,23:02:55,24,25.15,8.12,206.89,32.31
219,23:02:55,26,120.82,8.61,22926.9,66.61
220,23:02:55,7,120.9,8.46,22974.63,60.71
220,23:02:55,18,47.82,0.0,1421.95,28.19
221,23:02:56,7,123.89,0.0,24719.18,58.53
221,23:02:56,21,89.86,0.0,9432.0,57.0
222,23:02:56,7,123.16,5.93,24285.42,63.19
222,23:02:56,21,37.34,14.03,677.06,51.81
223,23:02:57,15,95.84,73.47,11443.08,55.82
223,23:02:57,21,95.84,73.47,11443.08,51.53
224,23:02:57,24,32.78,12.16,457.9,39.49
227,23:02:58,18,79.88,19.77,6626.29,39.51
228,23:02:59,7,62.02,41.75,3101.52,33.37
228,23:02:59,18,53.21,0.0,1958.87,40.07
229,23:02:59,7,56.75,69.52,2375.81,25.08
230,23:03:00,18,74.37,18.63,5348.15,40.47
232,23:03:01,21,38.31,15.79,730.73,30.57
232,23:03:01,15,38.31,15.79,730.73,62.36
232,23:03:01,7,58.52,0.0,2605.6,35.81
233,23:03:01,21,55.65,17.4,2240.72,30.57
233,23:03:01,15,55.65,17.4,2240.72,55.46
234,23:03:02,7,65.98,27.32,3734.89,57.84
236,23:03:03,15,27.58,8.89,272.77,26.04
236,23:03:03,21,42.07,15.95,968.17,54.66
236,23:03:03,24,57.08,27.66,2417.19,54.7
237,23:03:04,15,58.04,9.31,2541.8,68.78
237,23:03:04,24,32.03,22.5,427.09,42.7
238,23:03:04,24,27.49,11.46,270.16,50.36
239,23:03:05,15,57.99,9.42,2534.58,30.52
239,23:03:05,21,57.99,9.42,2534.58,55.15
239,23:03:05,24,34.41,33.86,529.62,62.09
240,23:03:05,21,70.9,21.0,4633.51,29.07
240,23:03:05,24,40.42,22.83,858.25,57.34
241,23:03:05,21,51.97,10.89,1824.95,30.15
242,23:03:06,21,53.72,19.12,2015.66,26.13
243,23:03:06,24,29.81,15.24,344.34,38.84
244,23:03:07,21,59.72,22.27,2769.17,32.73
244,23:03:07,24,78.24,76.61,6225.72,39.0
245,23:03:07,21,73.56,19.32,5173.91,35.75
245,23:03:07,24,73.56,19.32,5173.91,62.0
246,23:03:08,24,33.2,11.58,475.7,55.4
251,23:03:10,21,33.63,9.33,494.44,28.17
251,23:03:10,24,28.79,14.82,310.25,27.25
253,23:03:11,24,119.81,68.36,22359.59,31.05
271,23:03:19,24,43.93,41.97,1102.49,28.64
273,23:03:20,24,51.46,69.16,1771.11,28.64
274,23:03:20,21,109.65,41.11,17138.5,35.49
278,23:03:22,21,89.68,61.32,9374.71,68.09
279,23:03:23,55,49.98,34.55,1622.72,61.0
281,23:03:24,21,36.61,23.8,637.68,40.98
286,23:03:26,24,74.05,19.91,5278.09,48.61
288,23:03:27,24,79.97,16.31,6649.51,65.07
289,23:03:28,24,74.39,34.01,5350.65,54.66
289,23:03:28,53,22.72,8.45,152.57,59.6
290,23:03:28,53,21.68,120.24,132.4,46.71
297,23:03:31,53,102.87,99.14,14150.26,47.59
299,23:03:32,24,51.8,61.86,1807.24,25.21
299,23:03:32,53,121.72,100.29,23443.14,54.53
300,23:03:33,24,80.18,68.66,6701.63,30.82
307,23:03:36,24,82.61,50.07,7329.88,34.5
308,23:03:36,53,88.74,10.39,9086.0,29.31
309,23:03:37,24,96.47,13.25,11672.72,45.17
309,23:03:37,53,95.68,33.2,11387.84,25.93
310,23:03:37,24,91.16,13.98,9848.6,36.5
310,23:03:37,53,91.16,13.98,9848.6,54.46
311,23:03:37,53,96.29,24.49,11606.33,36.1
316,23:03:40,24,73.22,20.06,5102.07,31.43
316,23:03:40,53,66.52,0.0,3826.14,35.36
324,23:03:44,55,141.74,122.16,37018.17,25.28
324,23:03:44,24,157.38,124.65,50674.32,33.51
326,23:03:44,55,110.81,0.0,17685.83,26.5
326,23:03:44,24,13.0,0.0,28.53,40.91
328,23:03:45,55,11.14,112.57,17.97,39.13
328,23:03:45,24,11.14,112.57,17.97,51.7
329,23:03:46,55,140.87,138.95,36341.72,53.38
330,23:03:46,55,101.45,141.33,13571.98,57.98
330,23:03:46,24,12.28,0.0,24.07,51.7
331,23:03:47,55,137.27,139.23,33628.03,66.96
332,23:03:47,24,104.35,0.0,14772.84,61.44
333,23:03:48,55,13.44,166.46,31.56,45.34
333,23:03:48,24,13.44,166.46,31.56,61.44
334,23:03:48,53,15.22,12.51,45.81,29.94
334,23:03:48,24,47.15,25.22,1362.31,26.69
335,23:03:48,53,16.16,3.91,54.88,36.04
337,23:03:49,53,98.49,0.0,12418.77,46.43
337,23:03:49,55,16.42,5.12,57.54,26.98
339,23:03:50,53,17.49,0.0,69.51,60.3
339,23:03:50,55,17.49,0.0,69.51,63.65
340,23:03:51,53,17.02,148.02,64.07,65.05
342,23:03:51,55,72.77,0.0,5009.01,26.2
345,23:03:53,24,94.33,0.0,10911.78,49.17
347,23:03:54,53,108.0,85.49,16376.06,59.18
348,23:03:54,24,114.6,91.88,19566.48,57.75
348,23:03:54,53,105.03,0.0,15062.04,30.7
349,23:03:55,53,104.27,18.85,14736.49,42.55
353,23:03:57,53,54.22,0.0,2071.96,46.91
354,23:03:57,53,105.18,0.0,15127.59,32.79
355,23:03:58,53,106.95,14.73,15901.82,32.0
356,23:03:58,24,129.62,17.77,28314.21,47.09
356,23:03:58,53,129.62,17.77,28314.21,30.48
358,23:03:59,55,11.06,4.66,17.57,59.11
360,23:04:00,55,10.8,4.15,16.37,50.01
360,23:04:00,53,10.8,4.15,16.37,48.11
361,23:04:00,53,11.22,4.12,18.35,48.11
363,23:04:01,55,131.39,107.56,29488.45,64.74
367,23:04:03,55,167.8,5.08,61423.26,61.01
368,23:04:03,55,18.87,0.0,87.4,60.38
369,23:04:03,55,20.13,0.0,105.97,75.18
370,23:04:04,55,23.41,175.96,166.76,54.66
372,23:04:05,55,60.73,68.58,2911.81,48.13
373,23:04:05,55,24.52,194.23,191.63,71.81
375,23:04:06,55,20.7,7.94,115.33,57.63
377,23:04:07,55,64.7,0.0,3521.08,30.77
377,23:04:07,53,118.85,36.71,21825.92,71.38
379,23:04:08,55,36.92,0.0,654.09,27.59
379,23:04:08,53,21.62,0.0,131.34,37.15
381,23:04:09,55,144.15,0.0,38940.46,31.18
387,23:04:12,55,104.43,0.0,14803.82,63.75
390,23:04:14,73,139.68,9.43,35425.94,52.15
391,23:04:14,73,151.29,0.0,45013.26,59.02
392,23:04:15,73,146.0,14.55,40458.55,62.73
393,23:04:15,73,22.58,0.0,149.67,30.39
395,23:04:16,55,21.81,11.52,134.86,41.69
395,23:04:16,73,23.0,0.0,158.14,47.63
396,23:04:17,55,21.98,13.42,138.02,39.79
397,23:04:17,55,19.44,14.27,95.54,61.98
397,23:04:17,73,22.97,13.87,157.5,39.71
398,23:04:17,55,19.56,15.91,97.34,49.94
398,23:04:17,73,22.75,12.84,153.01,61.92
399,23:04:18,55,21.59,16.32,130.82,68.81
399,23:04:18,73,31.42,81.87,403.2,32.79
404,23:04:20,55,33.13,21.73,472.82,65.06
404,23:04:20,73,167.38,97.98,60956.4,70.69
405,23:04:21,55,28.49,28.47,300.62,64.05
406,23:04:21,55,26.5,6.48,242.04,46.79
406,23:04:21,73,89.41,85.87,9290.38,50.01
407,23:04:22,55,31.3,0.0,398.77,37.25
408,23:04:22,73,49.59,0.0,1584.95,69.41
410,23:04:23,73,133.05,0.0,30621.62,77.85
411,23:04:24,73,143.36,20.49,38303.28,77.64
413,23:04:25,73,51.89,0.0,1815.95,75.15
414,23:04:26,53,113.51,0.0,19015.05,39.09
414,23:04:26,73,50.55,0.0,1679.15,76.93
415,23:04:27,55,44.62,27.63,1154.86,34.5
416,23:04:28,55,67.66,27.45,4026.22,48.97
417,23:04:28,55,58.23,20.0,2567.08,29.74
417,23:04:28,73,59.82,0.0,2782.45,79.03
419,23:04:29,73,61.9,23.58,3082.55,76.05
420,23:04:30,78,21.39,0.0,127.21,51.42
420,23:04:30,73,53.33,25.66,1971.9,70.46
422,23:04:31,78,89.84,109.01,9427.52,76.02
423,23:04:32,78,20.29,0.0,108.6,55.58
423,23:04:32,73,63.08,58.6,3262.48,25.33
423,23:04:32,55,63.08,58.6,3262.48,62.4
424,23:04:32,73,53.72,53.17,2015.4,46.65
424,23:04:32,55,53.72,53.17,2015.4,65.34
425,23:04:33,73,81.34,56.52,6996.45,63.69
425,23:04:33,55,92.53,70.41,10297.46,58.56
426,23:04:33,73,61.52,67.18,3026.96,49.95
426,23:04:33,55,61.52,67.18,3026.96,68.59
427,23:04:34,73,42.69,0.0,1011.08,62.79
427,23:04:34,55,42.69,0.0,1011.08,68.59
428,23:04:35,73,39.53,0.0,803.12,71.37
428,23:04:35,55,39.53,0.0,803.12,68.59
429,23:04:35,73,41.96,0.0,960.6,74.97
429,23:04:35,55,41.96,0.0,960.6,68.59
429,23:04:35,24,116.28,19.92,20437.54,36.2
430,23:04:36,73,43.13,49.69,1042.79,72.01
430,23:04:36,24,93.66,21.28,10680.53,28.22
430,23:04:36,55,43.13,49.69,1042.79,68.59
431,23:04:36,78,67.47,75.22,3991.91,47.96
431,23:04:36,73,81.65,53.93,7075.85,64.93
431,23:04:36,55,81.65,53.93,7075.85,68.59
432,23:04:37,78,66.52,0.0,3827.27,43.01
432,23:04:37,55,64.03,63.42,3412.96,68.69
432,23:04:37,73,82.03,70.52,7174.6,32.69
433,23:04:37,55,98.19,17.71,12308.08,76.11
433,23:04:37,24,104.26,28.89,14732.69,36.96
434,23:04:37,55,98.17,42.29,12298.34,55.5
434,23:04:37,73,98.17,42.29,12298.34,32.05
435,23:04:38,78,59.3,27.26,2710.85,28.3
435,23:04:38,73,59.3,27.26,2710.85,39.97
435,23:04:38,55,66.67,63.55,3851.67,65.83
436,23:04:38,55,64.12,63.88,3426.39,48.18
438,23:04:39,78,34.85,0.0,550.32,25.38
439,23:04:40,55,87.7,22.5,8767.84,48.18
439,23:04:40,87,49.54,29.45,1580.85,44.81
440,23:04:40,53,120.07,0.0,22506.1,29.25
440,23:04:40,87,48.99,33.35,1528.47,62.42
440,23:04:40,24,110.78,0.0,17675.4,31.38
441,23:04:41,87,43.79,0.0,1091.31,48.0
442,23:04:41,53,72.95,78.01,5046.09,28.36
442,23:04:41,55,81.3,100.37,6985.13,27.67
442,23:04:41,87,45.76,0.0,1245.62,56.39
443,23:04:42,55,128.2,88.59,27392.04,27.67
443,23:04:42,53,99.88,0.0,12952.87,35.41
443,23:04:42,87,51.53,0.0,1778.95,71.48
444,23:04:42,55,77.57,74.08,6068.08,27.67
444,23:04:42,53,98.43,0.0,12398.93,41.27
444,23:04:42,87,48.98,16.1,1527.27,56.3
445,23:04:43,53,2.82,76.83,0.29,48.84
445,23:04:43,87,55.39,0.0,2209.53,72.93
446,23:04:44,53,57.53,0.0,2474.85,38.29
446,23:04:44,87,47.98,12.5,1435.58,64.77
447,23:04:44,53,57.77,66.38,2506.99,46.45
449,23:04:46,87,47.16,0.0,1363.68,57.4
449,23:04:46,55,87.8,99.05,8797.49,29.37
450,23:04:46,87,53.2,0.0,1957.04,53.18
451,23:04:47,87,54.53,40.23,2107.53,70.59
453,23:04:48,55,75.39,25.07,5570.2,53.25
454,23:04:49,55,42.65,21.41,1008.9,57.47
455,23:04:49,55,112.72,0.0,18619.3,28.18
456,23:04:49,55,147.93,61.31,42080.35,39.91
456,23:04:49,87,57.77,81.42,2505.88,58.22
457,23:04:50,55,110.56,0.0,17568.21,53.5
458,23:04:51,78,59.17,62.85,2693.59,31.14
458,23:04:51,87,74.81,76.14,5443.46,66.88
460,23:04:52,87,71.83,56.34,4818.52,71.87
462,23:04:53,53,141.53,100.62,36853.6,31.0
462,23:04:53,87,87.67,54.22,8758.8,64.79
463,23:04:53,87,69.71,45.08,4404.06,54.28
465,23:04:54,87,66.43,22.92,3810.28,66.49
466,23:04:55,87,84.98,65.87,7978.6,42.91
466,23:04:55,78,73.02,24.57,5061.0,29.93
467,23:04:55,78,70.68,19.89,4589.91,29.93
468,23:04:56,78,72.67,16.13,4988.09,29.93
468,23:04:56,87,93.72,36.38,10701.55,33.37
469,23:04:56,78,70.16,18.39,4489.1,29.93
476,23:05:00,55,116.77,15.22,20699.8,56.6
480,23:05:02,55,113.15,0.0,18830.43,45.93
481,23:05:02,55,90.35,20.14,9588.37,44.95
481,23:05:02,87,90.35,20.14,9588.37,51.81
482,23:05:03,87,123.78,0.0,24653.53,47.99
483,23:05:03,87,127.37,0.0,26864.16,62.31
484,23:05:04,87,114.3,40.09,19411.61,38.35
485,23:05:04,24,63.95,0.0,3400.11,53.16
485,23:05:04,87,29.57,25.52,336.04,46.53
486,23:05:05,24,64.51,0.0,3489.96,67.16
489,23:05:06,55,54.26,0.0,2076.49,58.7
499,23:05:11,87,65.88,31.16,3717.34,31.11
500,23:05:12,87,72.92,16.41,5041.64,61.34
501,23:05:12,87,70.06,18.54,4470.04,48.5
503,23:05:13,24,134.3,0.0,31491.66,25.49
503,23:05:13,87,57.7,16.66,2496.77,52.3
506,23:05:15,87,66.32,16.43,3792.47,51.83
507,23:05:15,24,27.1,24.92,258.69,73.46
507,23:05:15,87,63.42,16.31,3316.36,63.86
509,23:05:16,87,48.89,0.0,1518.83,42.57
510,23:05:17,24,103.64,12.05,14472.63,47.46
511,23:05:17,24,77.61,7.28,6076.47,30.75
511,23:05:17,78,101.17,0.0,13461.03,47.05
511,23:05:17,87,54.48,0.0,2101.95,38.22
512,23:05:18,24,131.14,15.31,29320.78,30.75
512,23:05:18,78,131.14,15.31,29320.78,47.05
512,23:05:18,87,88.55,24.92,9025.29,48.74
513,23:05:18,24,130.63,16.2,28979.66,30.75
513,23:05:18,78,130.63,16.2,28979.66,37.57
513,23:05:18,87,89.0,26.12,9164.01,63.67
514,23:05:19,24,132.53,15.97,30259.43,30.75
514,23:05:19,78,132.53,15.97,30259.43,51.39
514,23:05:19,87,94.34,28.13,10916.44,60.11
515,23:05:19,78,129.99,19.03,28554.45,53.31
515,23:05:19,87,96.47,24.14,11670.85,64.32
516,23:05:20,24,120.78,42.04,22904.29,45.88
516,23:05:20,78,127.33,22.32,26840.12,41.23
517,23:05:20,24,112.69,47.54,18605.6,48.17
517,23:05:20,78,122.52,19.16,23911.63,56.43
518,23:05:20,78,130.11,17.14,28630.46,58.7
519,23:05:21,78,112.26,33.94,18391.3,64.36
522,23:05:23,78,100.89,77.33,13348.25,67.99
523,23:05:23,24,45.76,36.24,1246.01,33.14
523,23:05:23,78,95.02,55.14,11153.42,71.46
543,23:05:33,78,31.34,7.11,400.15,39.31
557,23:05:41,24,176.13,25.29,71027.23,29.8
564,23:05:45,24,57.4,41.28,2458.61,25.55
565,23:05:46,24,54.24,40.38,2074.28,34.3
573,23:05:54,78,96.79,0.0,11788.13,50.7
576,23:05:56,78,75.06,48.4,5498.54,26.55
577,23:05:56,78,73.01,14.07,5060.3,26.34
588,23:06:09,78,75.15,0.0,5517.7,33.06
592,23:06:12,78,79.36,0.0,6496.51,43.23
595,23:06:13,78,32.26,0.0,436.27,27.95
596,23:06:14,78,73.13,47.03,5083.8,41.91
